{
  "k" : 200,
  "benchmarkResults" : {
    "type" : "VANILLA_KNN",
    "confusionMatrix" : [ [ 112, 1, 0, 0, 0, 1, 6, 1, 0, 0 ], [ 0, 121, 0, 0, 0, 0, 0, 0, 0, 0 ], [ 3, 44, 59, 1, 2, 1, 1, 6, 4, 0 ], [ 0, 18, 0, 93, 0, 1, 0, 6, 1, 2 ], [ 0, 6, 0, 0, 94, 0, 3, 1, 0, 17 ], [ 3, 8, 0, 5, 2, 87, 5, 3, 0, 8 ], [ 1, 7, 0, 0, 4, 1, 108, 0, 0, 0 ], [ 0, 22, 0, 0, 0, 0, 0, 95, 0, 4 ], [ 1, 24, 2, 11, 2, 2, 2, 2, 66, 9 ], [ 2, 4, 0, 1, 1, 0, 0, 2, 1, 110 ] ],
    "metricsOfDigits" : {
      "0" : {
        "accuracy" : 0.8305439330543933,
        "precision" : 0.48068669527896996,
        "recall" : 0.47863247863247865,
        "f1" : 0.4796573875802998
      },
      "1" : {
        "accuracy" : 0.7410468319559229,
        "precision" : 0.5,
        "recall" : 0.32180851063829785,
        "f1" : 0.39158576051779936
      },
      "2" : {
        "accuracy" : 0.8629518072289156,
        "precision" : 0.3277777777777778,
        "recall" : 0.49166666666666664,
        "f1" : 0.3933333333333333
      },
      "3" : {
        "accuracy" : 0.833810888252149,
        "precision" : 0.43457943925233644,
        "recall" : 0.45588235294117646,
        "f1" : 0.44497607655502386
      },
      "4" : {
        "accuracy" : 0.8383404864091559,
        "precision" : 0.4372093023255814,
        "recall" : 0.4723618090452261,
        "f1" : 0.4541062801932367
      },
      "5" : {
        "accuracy" : 0.8453757225433526,
        "precision" : 0.4182692307692308,
        "recall" : 0.48333333333333334,
        "f1" : 0.4484536082474227
      },
      "6" : {
        "accuracy" : 0.8274894810659187,
        "precision" : 0.47161572052401746,
        "recall" : 0.463519313304721,
        "f1" : 0.4675324675324675
      },
      "7" : {
        "accuracy" : 0.8307142857142857,
        "precision" : 0.4398148148148148,
        "recall" : 0.45023696682464454,
        "f1" : 0.44496487119437944
      },
      "8" : {
        "accuracy" : 0.8561847988077497,
        "precision" : 0.35294117647058826,
        "recall" : 0.4782608695652174,
        "f1" : 0.4061538461538462
      },
      "9" : {
        "accuracy" : 0.8104895104895105,
        "precision" : 0.47619047619047616,
        "recall" : 0.4230769230769231,
        "f1" : 0.4480651731160896
      }
    }
  }
}