{
  "k" : 120,
  "benchmarkResults" : {
    "type" : "VANILLA_KNN",
    "confusionMatrix" : [ [ 114, 1, 0, 0, 0, 1, 5, 0, 0, 0 ], [ 0, 121, 0, 0, 0, 0, 0, 0, 0, 0 ], [ 3, 37, 68, 1, 1, 1, 1, 5, 4, 0 ], [ 0, 12, 0, 97, 0, 2, 1, 6, 1, 2 ], [ 0, 5, 0, 0, 98, 0, 3, 1, 0, 14 ], [ 3, 5, 0, 4, 2, 92, 5, 3, 0, 7 ], [ 1, 3, 0, 0, 3, 1, 113, 0, 0, 0 ], [ 0, 19, 0, 0, 0, 0, 0, 98, 0, 4 ], [ 2, 15, 1, 9, 3, 3, 2, 2, 77, 7 ], [ 2, 3, 0, 2, 1, 0, 0, 2, 0, 111 ] ],
    "metricsOfDigits" : {
      "0" : {
        "accuracy" : 0.8289290681502086,
        "precision" : 0.4851063829787234,
        "recall" : 0.4769874476987448,
        "f1" : 0.48101265822784806
      },
      "1" : {
        "accuracy" : 0.7644628099173554,
        "precision" : 0.5,
        "recall" : 0.3538011695906433,
        "f1" : 0.4143835616438356
      },
      "2" : {
        "accuracy" : 0.8588410104011887,
        "precision" : 0.35978835978835977,
        "recall" : 0.49635036496350365,
        "f1" : 0.4171779141104294
      },
      "3" : {
        "accuracy" : 0.8333333333333334,
        "precision" : 0.44495412844036697,
        "recall" : 0.46190476190476193,
        "f1" : 0.4532710280373832
      },
      "4" : {
        "accuracy" : 0.837126600284495,
        "precision" : 0.4474885844748858,
        "recall" : 0.47572815533980584,
        "f1" : 0.4611764705882353
      },
      "5" : {
        "accuracy" : 0.8414634146341463,
        "precision" : 0.431924882629108,
        "recall" : 0.4791666666666667,
        "f1" : 0.454320987654321
      },
      "6" : {
        "accuracy" : 0.825208913649025,
        "precision" : 0.4829059829059829,
        "recall" : 0.46502057613168724,
        "f1" : 0.47379454926624737
      },
      "7" : {
        "accuracy" : 0.8307254623044097,
        "precision" : 0.4474885844748858,
        "recall" : 0.4558139534883721,
        "f1" : 0.45161290322580644
      },
      "8" : {
        "accuracy" : 0.8511730205278593,
        "precision" : 0.3888888888888889,
        "recall" : 0.48427672955974843,
        "f1" : 0.43137254901960786
      },
      "9" : {
        "accuracy" : 0.8142458100558659,
        "precision" : 0.47844827586206895,
        "recall" : 0.43359375,
        "f1" : 0.4549180327868852
      }
    }
  }
}