{
  "k" : 250,
  "benchmarkResults" : {
    "type" : "VANILLA_KNN",
    "confusionMatrix" : [ [ 111, 1, 0, 0, 0, 1, 6, 1, 0, 1 ], [ 0, 121, 0, 0, 0, 0, 0, 0, 0, 0 ], [ 3, 45, 58, 1, 2, 1, 1, 6, 4, 0 ], [ 0, 19, 0, 91, 0, 1, 0, 6, 1, 3 ], [ 0, 6, 0, 0, 92, 1, 3, 1, 0, 18 ], [ 4, 9, 0, 5, 3, 82, 6, 5, 0, 7 ], [ 1, 10, 0, 0, 4, 1, 105, 0, 0, 0 ], [ 0, 20, 0, 0, 0, 0, 0, 96, 0, 5 ], [ 1, 26, 2, 11, 2, 3, 2, 2, 64, 8 ], [ 1, 5, 0, 3, 1, 0, 0, 2, 0, 109 ] ],
    "metricsOfDigits" : {
      "0" : {
        "accuracy" : 0.8310055865921788,
        "precision" : 0.47844827586206895,
        "recall" : 0.47844827586206895,
        "f1" : 0.47844827586206895
      },
      "1" : {
        "accuracy" : 0.7362258953168044,
        "precision" : 0.5,
        "recall" : 0.31592689295039167,
        "f1" : 0.38720000000000004
      },
      "2" : {
        "accuracy" : 0.8634992458521871,
        "precision" : 0.3240223463687151,
        "recall" : 0.4915254237288136,
        "f1" : 0.39057239057239057
      },
      "3" : {
        "accuracy" : 0.8333333333333334,
        "precision" : 0.42924528301886794,
        "recall" : 0.4504950495049505,
        "f1" : 0.4396135265700483
      },
      "4" : {
        "accuracy" : 0.8385939741750359,
        "precision" : 0.431924882629108,
        "recall" : 0.46938775510204084,
        "f1" : 0.4498777506112469
      },
      "5" : {
        "accuracy" : 0.846433770014556,
        "precision" : 0.4039408866995074,
        "recall" : 0.47674418604651164,
        "f1" : 0.43733333333333335
      },
      "6" : {
        "accuracy" : 0.828169014084507,
        "precision" : 0.4646017699115044,
        "recall" : 0.4605263157894737,
        "f1" : 0.4625550660792952
      },
      "7" : {
        "accuracy" : 0.8288159771754636,
        "precision" : 0.4423963133640553,
        "recall" : 0.44651162790697674,
        "f1" : 0.4444444444444444
      },
      "8" : {
        "accuracy" : 0.8579970104633782,
        "precision" : 0.34594594594594597,
        "recall" : 0.48120300751879697,
        "f1" : 0.4025157232704402
      },
      "9" : {
        "accuracy" : 0.8095238095238095,
        "precision" : 0.47391304347826085,
        "recall" : 0.41923076923076924,
        "f1" : 0.4448979591836734
      }
    }
  }
}