{
  "k" : 270,
  "benchmarkResults" : {
    "type" : "VANILLA_KNN",
    "confusionMatrix" : [ [ 111, 1, 0, 0, 0, 1, 6, 1, 0, 1 ], [ 0, 121, 0, 0, 0, 0, 0, 0, 0, 0 ], [ 3, 46, 57, 1, 2, 1, 1, 6, 4, 0 ], [ 0, 19, 0, 91, 0, 1, 0, 6, 1, 3 ], [ 0, 7, 0, 0, 91, 1, 3, 1, 0, 18 ], [ 4, 9, 0, 5, 3, 81, 7, 5, 0, 7 ], [ 1, 12, 0, 0, 4, 1, 103, 0, 0, 0 ], [ 0, 21, 0, 0, 0, 0, 0, 95, 0, 5 ], [ 1, 28, 2, 11, 2, 2, 2, 2, 63, 8 ], [ 1, 6, 0, 3, 1, 0, 0, 3, 0, 107 ] ],
    "metricsOfDigits" : {
      "0" : {
        "accuracy" : 0.8310055865921788,
        "precision" : 0.47844827586206895,
        "recall" : 0.47844827586206895,
        "f1" : 0.47844827586206895
      },
      "1" : {
        "accuracy" : 0.7307162534435262,
        "precision" : 0.5,
        "recall" : 0.309462915601023,
        "f1" : 0.382306477093207
      },
      "2" : {
        "accuracy" : 0.8640483383685801,
        "precision" : 0.3202247191011236,
        "recall" : 0.49137931034482757,
        "f1" : 0.3877551020408163
      },
      "3" : {
        "accuracy" : 0.8333333333333334,
        "precision" : 0.42924528301886794,
        "recall" : 0.4504950495049505,
        "f1" : 0.4396135265700483
      },
      "4" : {
        "accuracy" : 0.8390804597701149,
        "precision" : 0.42924528301886794,
        "recall" : 0.4690721649484536,
        "f1" : 0.4482758620689655
      },
      "5" : {
        "accuracy" : 0.847667638483965,
        "precision" : 0.400990099009901,
        "recall" : 0.47928994082840237,
        "f1" : 0.43665768194070087
      },
      "6" : {
        "accuracy" : 0.8283898305084746,
        "precision" : 0.45982142857142855,
        "recall" : 0.4577777777777778,
        "f1" : 0.45879732739420936
      },
      "7" : {
        "accuracy" : 0.8285714285714286,
        "precision" : 0.4398148148148148,
        "recall" : 0.4439252336448598,
        "f1" : 0.441860465116279
      },
      "8" : {
        "accuracy" : 0.8585329341317365,
        "precision" : 0.3423913043478261,
        "recall" : 0.48091603053435117,
        "f1" : 0.4
      },
      "9" : {
        "accuracy" : 0.8103932584269663,
        "precision" : 0.4692982456140351,
        "recall" : 0.41796875,
        "f1" : 0.4421487603305785
      }
    }
  }
}