{
  "k" : 10,
  "benchmarkResults" : {
    "type" : "VANILLA_KNN",
    "confusionMatrix" : [ [ 120, 0, 0, 0, 0, 0, 1, 0, 0, 0 ], [ 0, 121, 0, 0, 0, 0, 0, 0, 0, 0 ], [ 4, 12, 93, 0, 1, 0, 4, 7, 0, 0 ], [ 0, 2, 1, 106, 0, 5, 1, 4, 1, 1 ], [ 0, 3, 0, 0, 107, 0, 2, 0, 0, 9 ], [ 1, 1, 0, 4, 3, 107, 2, 1, 0, 2 ], [ 2, 1, 0, 0, 1, 1, 116, 0, 0, 0 ], [ 0, 12, 0, 1, 1, 0, 0, 104, 0, 3 ], [ 1, 3, 2, 9, 4, 4, 2, 1, 90, 5 ], [ 2, 1, 0, 2, 1, 0, 0, 4, 1, 110 ] ],
    "metricsOfDigits" : {
      "0" : {
        "accuracy" : 0.8268965517241379,
        "precision" : 0.4979253112033195,
        "recall" : 0.48,
        "f1" : 0.48879837067209775
      },
      "1" : {
        "accuracy" : 0.809228650137741,
        "precision" : 0.5,
        "recall" : 0.4368231046931408,
        "f1" : 0.466281310211946
      },
      "2" : {
        "accuracy" : 0.8445558739255015,
        "precision" : 0.43457943925233644,
        "recall" : 0.49206349206349204,
        "f1" : 0.46153846153846156
      },
      "3" : {
        "accuracy" : 0.8291139240506329,
        "precision" : 0.4669603524229075,
        "recall" : 0.4649122807017544,
        "f1" : 0.46593406593406594
      },
      "4" : {
        "accuracy" : 0.8321629213483146,
        "precision" : 0.4692982456140351,
        "recall" : 0.47555555555555556,
        "f1" : 0.47240618101545256
      },
      "5" : {
        "accuracy" : 0.8328651685393258,
        "precision" : 0.4692982456140351,
        "recall" : 0.47767857142857145,
        "f1" : 0.47345132743362833
      },
      "6" : {
        "accuracy" : 0.8273231622746186,
        "precision" : 0.48945147679324896,
        "recall" : 0.47540983606557374,
        "f1" : 0.48232848232848236
      },
      "7" : {
        "accuracy" : 0.8293370944992948,
        "precision" : 0.4622222222222222,
        "recall" : 0.4622222222222222,
        "f1" : 0.4622222222222222
      },
      "8" : {
        "accuracy" : 0.8467625899280575,
        "precision" : 0.4265402843601896,
        "recall" : 0.4945054945054945,
        "f1" : 0.4580152671755726
      },
      "9" : {
        "accuracy" : 0.8244755244755245,
        "precision" : 0.47619047619047616,
        "recall" : 0.4583333333333333,
        "f1" : 0.4670912951167728
      }
    }
  }
}