{
  "k" : 30,
  "benchmarkResults" : {
    "type" : "VANILLA_KNN",
    "confusionMatrix" : [ [ 120, 0, 0, 0, 0, 0, 1, 0, 0, 0 ], [ 0, 121, 0, 0, 0, 0, 0, 0, 0, 0 ], [ 3, 22, 82, 0, 1, 0, 3, 7, 3, 0 ], [ 0, 4, 0, 104, 0, 2, 2, 6, 1, 2 ], [ 0, 3, 0, 0, 106, 0, 3, 0, 0, 9 ], [ 2, 3, 0, 4, 2, 100, 4, 1, 0, 5 ], [ 1, 1, 0, 0, 1, 2, 116, 0, 0, 0 ], [ 0, 13, 0, 0, 0, 0, 0, 105, 0, 3 ], [ 1, 7, 1, 6, 4, 6, 1, 1, 88, 6 ], [ 2, 2, 0, 2, 1, 0, 0, 3, 0, 111 ] ],
    "metricsOfDigits" : {
      "0" : {
        "accuracy" : 0.8275862068965517,
        "precision" : 0.4979253112033195,
        "recall" : 0.4819277108433735,
        "f1" : 0.489795918367347
      },
      "1" : {
        "accuracy" : 0.7954545454545454,
        "precision" : 0.5,
        "recall" : 0.4074074074074074,
        "f1" : 0.44897959183673464
      },
      "2" : {
        "accuracy" : 0.851528384279476,
        "precision" : 0.4039408866995074,
        "recall" : 0.49696969696969695,
        "f1" : 0.44565217391304346
      },
      "3" : {
        "accuracy" : 0.8328631875881524,
        "precision" : 0.4622222222222222,
        "recall" : 0.4727272727272727,
        "f1" : 0.46741573033707856
      },
      "4" : {
        "accuracy" : 0.8340365682137834,
        "precision" : 0.4669603524229075,
        "recall" : 0.4796380090497738,
        "f1" : 0.4732142857142857
      },
      "5" : {
        "accuracy" : 0.8361702127659575,
        "precision" : 0.45248868778280543,
        "recall" : 0.47619047619047616,
        "f1" : 0.4640371229698375
      },
      "6" : {
        "accuracy" : 0.8259361997226075,
        "precision" : 0.48945147679324896,
        "recall" : 0.4715447154471545,
        "f1" : 0.4803312629399586
      },
      "7" : {
        "accuracy" : 0.828169014084507,
        "precision" : 0.4646017699115044,
        "recall" : 0.4605263157894737,
        "f1" : 0.4625550660792952
      },
      "8" : {
        "accuracy" : 0.8463203463203464,
        "precision" : 0.42105263157894735,
        "recall" : 0.4888888888888889,
        "f1" : 0.4524421593830334
      },
      "9" : {
        "accuracy" : 0.8205307262569832,
        "precision" : 0.47844827586206895,
        "recall" : 0.4493927125506073,
        "f1" : 0.46346555323590816
      }
    }
  }
}