{
  "k" : 170,
  "benchmarkResults" : {
    "type" : "VANILLA_KNN",
    "confusionMatrix" : [ [ 112, 1, 0, 0, 0, 1, 6, 1, 0, 0 ], [ 0, 121, 0, 0, 0, 0, 0, 0, 0, 0 ], [ 3, 43, 60, 1, 2, 1, 1, 6, 4, 0 ], [ 0, 17, 0, 94, 0, 1, 0, 6, 1, 2 ], [ 0, 5, 0, 0, 99, 0, 3, 1, 0, 13 ], [ 3, 6, 0, 6, 3, 87, 5, 4, 0, 7 ], [ 1, 7, 0, 0, 3, 1, 109, 0, 0, 0 ], [ 0, 20, 0, 0, 0, 0, 0, 97, 0, 4 ], [ 1, 18, 2, 11, 2, 2, 2, 2, 72, 9 ], [ 2, 3, 0, 2, 1, 0, 0, 2, 0, 111 ] ],
    "metricsOfDigits" : {
      "0" : {
        "accuracy" : 0.8305439330543933,
        "precision" : 0.48068669527896996,
        "recall" : 0.47863247863247865,
        "f1" : 0.4796573875802998
      },
      "1" : {
        "accuracy" : 0.7506887052341598,
        "precision" : 0.5,
        "recall" : 0.3342541436464088,
        "f1" : 0.40066225165562913
      },
      "2" : {
        "accuracy" : 0.862406015037594,
        "precision" : 0.3314917127071823,
        "recall" : 0.4918032786885246,
        "f1" : 0.39603960396039606
      },
      "3" : {
        "accuracy" : 0.8319027181688126,
        "precision" : 0.4372093023255814,
        "recall" : 0.4519230769230769,
        "f1" : 0.4444444444444445
      },
      "4" : {
        "accuracy" : 0.8359375,
        "precision" : 0.45,
        "recall" : 0.47368421052631576,
        "f1" : 0.46153846153846156
      },
      "5" : {
        "accuracy" : 0.8453757225433526,
        "precision" : 0.4182692307692308,
        "recall" : 0.48333333333333334,
        "f1" : 0.4484536082474227
      },
      "6" : {
        "accuracy" : 0.8270308123249299,
        "precision" : 0.47391304347826085,
        "recall" : 0.46382978723404256,
        "f1" : 0.4688172043010752
      },
      "7" : {
        "accuracy" : 0.8290598290598291,
        "precision" : 0.44495412844036697,
        "recall" : 0.44907407407407407,
        "f1" : 0.4470046082949309
      },
      "8" : {
        "accuracy" : 0.8537666174298375,
        "precision" : 0.37305699481865284,
        "recall" : 0.48322147651006714,
        "f1" : 0.4210526315789474
      },
      "9" : {
        "accuracy" : 0.8135474860335196,
        "precision" : 0.47844827586206895,
        "recall" : 0.43190661478599224,
        "f1" : 0.45398773006134974
      }
    }
  }
}