{
  "k" : 70,
  "benchmarkResults" : {
    "type" : "VANILLA_KNN",
    "confusionMatrix" : [ [ 117, 0, 0, 0, 0, 1, 3, 0, 0, 0 ], [ 0, 121, 0, 0, 0, 0, 0, 0, 0, 0 ], [ 3, 24, 78, 0, 1, 1, 3, 7, 4, 0 ], [ 0, 6, 0, 102, 0, 2, 2, 6, 1, 2 ], [ 0, 3, 0, 0, 101, 0, 3, 0, 0, 14 ], [ 3, 4, 0, 6, 2, 94, 5, 2, 1, 4 ], [ 1, 1, 0, 0, 3, 2, 114, 0, 0, 0 ], [ 0, 16, 0, 0, 0, 0, 0, 102, 0, 3 ], [ 1, 11, 1, 9, 3, 3, 1, 2, 84, 6 ], [ 2, 3, 0, 2, 1, 0, 0, 2, 0, 111 ] ],
    "metricsOfDigits" : {
      "0" : {
        "accuracy" : 0.8282548476454293,
        "precision" : 0.49159663865546216,
        "recall" : 0.47950819672131145,
        "f1" : 0.48547717842323646
      },
      "1" : {
        "accuracy" : 0.7865013774104683,
        "precision" : 0.5,
        "recall" : 0.3903225806451613,
        "f1" : 0.4384057971014492
      },
      "2" : {
        "accuracy" : 0.8535871156661786,
        "precision" : 0.39195979899497485,
        "recall" : 0.4968152866242038,
        "f1" : 0.4382022471910112
      },
      "3" : {
        "accuracy" : 0.8302687411598303,
        "precision" : 0.45739910313901344,
        "recall" : 0.46153846153846156,
        "f1" : 0.45945945945945943
      },
      "4" : {
        "accuracy" : 0.8356940509915014,
        "precision" : 0.45495495495495497,
        "recall" : 0.47641509433962265,
        "f1" : 0.4654377880184332
      },
      "5" : {
        "accuracy" : 0.8397711015736766,
        "precision" : 0.4372093023255814,
        "recall" : 0.47715736040609136,
        "f1" : 0.45631067961165045
      },
      "6" : {
        "accuracy" : 0.8247566063977747,
        "precision" : 0.4851063829787234,
        "recall" : 0.46530612244897956,
        "f1" : 0.475
      },
      "7" : {
        "accuracy" : 0.8288543140028288,
        "precision" : 0.45739910313901344,
        "recall" : 0.45739910313901344,
        "f1" : 0.45739910313901344
      },
      "8" : {
        "accuracy" : 0.8468795355587808,
        "precision" : 0.4097560975609756,
        "recall" : 0.4827586206896552,
        "f1" : 0.4432717678100264
      },
      "9" : {
        "accuracy" : 0.8177374301675978,
        "precision" : 0.47844827586206895,
        "recall" : 0.44223107569721115,
        "f1" : 0.45962732919254656
      }
    }
  }
}