{
  "k" : 100,
  "benchmarkResults" : {
    "type" : "VANILLA_KNN",
    "confusionMatrix" : [ [ 31, 0, 0, 0, 0, 0, 0, 0, 0, 0 ], [ 0, 31, 0, 0, 0, 0, 0, 0, 0, 0 ], [ 0, 8, 20, 1, 0, 0, 0, 2, 0, 0 ], [ 0, 4, 0, 25, 0, 1, 0, 0, 0, 1 ], [ 0, 1, 0, 0, 27, 0, 1, 0, 0, 2 ], [ 0, 2, 0, 0, 0, 28, 1, 0, 0, 0 ], [ 1, 3, 0, 0, 1, 1, 25, 0, 0, 0 ], [ 0, 3, 0, 0, 0, 0, 0, 27, 0, 1 ], [ 1, 1, 0, 0, 0, 2, 0, 2, 24, 1 ], [ 0, 0, 0, 0, 0, 0, 0, 1, 0, 30 ] ],
    "metricsOfDigits" : {
      "0" : {
        "accuracy" : 0.8279569892473119,
        "precision" : 0.5,
        "recall" : 0.484375,
        "f1" : 0.49206349206349204
      },
      "1" : {
        "accuracy" : 0.7741935483870968,
        "precision" : 0.5,
        "recall" : 0.36904761904761907,
        "f1" : 0.4246575342465754
      },
      "2" : {
        "accuracy" : 0.8542857142857143,
        "precision" : 0.39215686274509803,
        "recall" : 0.5,
        "f1" : 0.4395604395604396
      },
      "3" : {
        "accuracy" : 0.8416666666666667,
        "precision" : 0.44642857142857145,
        "recall" : 0.49019607843137253,
        "f1" : 0.4672897196261682
      },
      "4" : {
        "accuracy" : 0.8379120879120879,
        "precision" : 0.46551724137931033,
        "recall" : 0.4909090909090909,
        "f1" : 0.47787610619469023
      },
      "5" : {
        "accuracy" : 0.8278688524590164,
        "precision" : 0.4745762711864407,
        "recall" : 0.4666666666666667,
        "f1" : 0.47058823529411764
      },
      "6" : {
        "accuracy" : 0.8388888888888889,
        "precision" : 0.44642857142857145,
        "recall" : 0.4807692307692308,
        "f1" : 0.46296296296296297
      },
      "7" : {
        "accuracy" : 0.8269230769230769,
        "precision" : 0.46551724137931033,
        "recall" : 0.4576271186440678,
        "f1" : 0.4615384615384615
      },
      "8" : {
        "accuracy" : 0.8463687150837989,
        "precision" : 0.43636363636363634,
        "recall" : 0.5,
        "f1" : 0.46601941747572817
      },
      "9" : {
        "accuracy" : 0.8216216216216217,
        "precision" : 0.4918032786885246,
        "recall" : 0.46153846153846156,
        "f1" : 0.4761904761904762
      }
    }
  }
}