{
  "k" : 220,
  "benchmarkResults" : {
    "type" : "VANILLA_KNN",
    "confusionMatrix" : [ [ 31, 0, 0, 0, 0, 0, 0, 0, 0, 0 ], [ 0, 31, 0, 0, 0, 0, 0, 0, 0, 0 ], [ 0, 9, 18, 1, 0, 0, 1, 2, 0, 0 ], [ 0, 8, 0, 21, 0, 1, 0, 0, 0, 1 ], [ 0, 1, 0, 0, 27, 0, 1, 0, 0, 2 ], [ 0, 3, 0, 0, 0, 26, 1, 0, 0, 1 ], [ 1, 5, 0, 0, 0, 1, 24, 0, 0, 0 ], [ 0, 4, 0, 0, 0, 0, 0, 25, 0, 2 ], [ 2, 4, 0, 2, 0, 0, 0, 2, 20, 1 ], [ 0, 2, 0, 0, 0, 0, 0, 1, 1, 27 ] ],
    "metricsOfDigits" : {
      "0" : {
        "accuracy" : 0.8252688172043011,
        "precision" : 0.5,
        "recall" : 0.47692307692307695,
        "f1" : 0.4881889763779527
      },
      "1" : {
        "accuracy" : 0.7365591397849462,
        "precision" : 0.5,
        "recall" : 0.3163265306122449,
        "f1" : 0.3875
      },
      "2" : {
        "accuracy" : 0.8583815028901735,
        "precision" : 0.3673469387755102,
        "recall" : 0.5,
        "f1" : 0.42352941176470593
      },
      "3" : {
        "accuracy" : 0.84375,
        "precision" : 0.40384615384615385,
        "recall" : 0.4666666666666667,
        "f1" : 0.43298969072164945
      },
      "4" : {
        "accuracy" : 0.8406593406593407,
        "precision" : 0.46551724137931033,
        "recall" : 0.5,
        "f1" : 0.48214285714285715
      },
      "5" : {
        "accuracy" : 0.8370165745856354,
        "precision" : 0.45614035087719296,
        "recall" : 0.48148148148148145,
        "f1" : 0.46846846846846846
      },
      "6" : {
        "accuracy" : 0.8379888268156425,
        "precision" : 0.43636363636363634,
        "recall" : 0.47058823529411764,
        "f1" : 0.45283018867924524
      },
      "7" : {
        "accuracy" : 0.8305555555555556,
        "precision" : 0.44642857142857145,
        "recall" : 0.45454545454545453,
        "f1" : 0.45045045045045046
      },
      "8" : {
        "accuracy" : 0.8514285714285714,
        "precision" : 0.39215686274509803,
        "recall" : 0.4878048780487805,
        "f1" : 0.43478260869565216
      },
      "9" : {
        "accuracy" : 0.8214285714285714,
        "precision" : 0.46551724137931033,
        "recall" : 0.4426229508196721,
        "f1" : 0.45378151260504196
      }
    }
  }
}