{
  "k" : 70,
  "benchmarkResults" : {
    "type" : "VANILLA_KNN",
    "confusionMatrix" : [ [ 31, 0, 0, 0, 0, 0, 0, 0, 0, 0 ], [ 0, 31, 0, 0, 0, 0, 0, 0, 0, 0 ], [ 0, 7, 21, 1, 0, 0, 0, 2, 0, 0 ], [ 0, 4, 0, 27, 0, 0, 0, 0, 0, 0 ], [ 0, 1, 0, 0, 27, 0, 1, 0, 0, 2 ], [ 0, 2, 0, 0, 0, 28, 1, 0, 0, 0 ], [ 1, 2, 0, 0, 1, 1, 26, 0, 0, 0 ], [ 0, 3, 0, 0, 0, 0, 0, 27, 0, 1 ], [ 1, 1, 0, 1, 0, 1, 0, 2, 24, 1 ], [ 0, 0, 0, 0, 0, 0, 0, 1, 0, 30 ] ],
    "metricsOfDigits" : {
      "0" : {
        "accuracy" : 0.8279569892473119,
        "precision" : 0.5,
        "recall" : 0.484375,
        "f1" : 0.49206349206349204
      },
      "1" : {
        "accuracy" : 0.7795698924731183,
        "precision" : 0.5,
        "recall" : 0.3780487804878049,
        "f1" : 0.4305555555555556
      },
      "2" : {
        "accuracy" : 0.8522727272727273,
        "precision" : 0.40384615384615385,
        "recall" : 0.5,
        "f1" : 0.44680851063829785
      },
      "3" : {
        "accuracy" : 0.8351648351648352,
        "precision" : 0.46551724137931033,
        "recall" : 0.48214285714285715,
        "f1" : 0.4736842105263158
      },
      "4" : {
        "accuracy" : 0.8379120879120879,
        "precision" : 0.46551724137931033,
        "recall" : 0.4909090909090909,
        "f1" : 0.47787610619469023
      },
      "5" : {
        "accuracy" : 0.8333333333333334,
        "precision" : 0.4745762711864407,
        "recall" : 0.4827586206896552,
        "f1" : 0.47863247863247865
      },
      "6" : {
        "accuracy" : 0.8370165745856354,
        "precision" : 0.45614035087719296,
        "recall" : 0.48148148148148145,
        "f1" : 0.46846846846846846
      },
      "7" : {
        "accuracy" : 0.8269230769230769,
        "precision" : 0.46551724137931033,
        "recall" : 0.4576271186440678,
        "f1" : 0.4615384615384615
      },
      "8" : {
        "accuracy" : 0.8463687150837989,
        "precision" : 0.43636363636363634,
        "recall" : 0.5,
        "f1" : 0.46601941747572817
      },
      "9" : {
        "accuracy" : 0.8243243243243243,
        "precision" : 0.4918032786885246,
        "recall" : 0.46875,
        "f1" : 0.48
      }
    }
  }
}