{
  "k" : 50,
  "benchmarkResults" : {
    "type" : "VANILLA_KNN",
    "confusionMatrix" : [ [ 31, 0, 0, 0, 0, 0, 0, 0, 0, 0 ], [ 0, 31, 0, 0, 0, 0, 0, 0, 0, 0 ], [ 0, 6, 22, 1, 0, 0, 0, 2, 0, 0 ], [ 0, 4, 0, 27, 0, 0, 0, 0, 0, 0 ], [ 0, 1, 0, 0, 28, 0, 0, 0, 0, 2 ], [ 0, 2, 0, 0, 0, 28, 1, 0, 0, 0 ], [ 1, 0, 0, 0, 1, 1, 28, 0, 0, 0 ], [ 0, 3, 0, 0, 0, 0, 0, 27, 0, 1 ], [ 1, 1, 0, 0, 0, 2, 0, 2, 24, 1 ], [ 0, 0, 0, 0, 0, 0, 0, 1, 0, 30 ] ],
    "metricsOfDigits" : {
      "0" : {
        "accuracy" : 0.8279569892473119,
        "precision" : 0.5,
        "recall" : 0.484375,
        "f1" : 0.49206349206349204
      },
      "1" : {
        "accuracy" : 0.7876344086021505,
        "precision" : 0.5,
        "recall" : 0.3924050632911392,
        "f1" : 0.43971631205673756
      },
      "2" : {
        "accuracy" : 0.8502824858757062,
        "precision" : 0.41509433962264153,
        "recall" : 0.5,
        "f1" : 0.4536082474226804
      },
      "3" : {
        "accuracy" : 0.8379120879120879,
        "precision" : 0.46551724137931033,
        "recall" : 0.4909090909090909,
        "f1" : 0.47787610619469023
      },
      "4" : {
        "accuracy" : 0.8360655737704918,
        "precision" : 0.4745762711864407,
        "recall" : 0.49122807017543857,
        "f1" : 0.48275862068965514
      },
      "5" : {
        "accuracy" : 0.8306010928961749,
        "precision" : 0.4745762711864407,
        "recall" : 0.4745762711864407,
        "f1" : 0.4745762711864407
      },
      "6" : {
        "accuracy" : 0.8360655737704918,
        "precision" : 0.4745762711864407,
        "recall" : 0.49122807017543857,
        "f1" : 0.48275862068965514
      },
      "7" : {
        "accuracy" : 0.8269230769230769,
        "precision" : 0.46551724137931033,
        "recall" : 0.4576271186440678,
        "f1" : 0.4615384615384615
      },
      "8" : {
        "accuracy" : 0.8463687150837989,
        "precision" : 0.43636363636363634,
        "recall" : 0.5,
        "f1" : 0.46601941747572817
      },
      "9" : {
        "accuracy" : 0.8243243243243243,
        "precision" : 0.4918032786885246,
        "recall" : 0.46875,
        "f1" : 0.48
      }
    }
  }
}