{
  "k" : 120,
  "benchmarkResults" : {
    "type" : "VANILLA_KNN",
    "confusionMatrix" : [ [ 31, 0, 0, 0, 0, 0, 0, 0, 0, 0 ], [ 0, 31, 0, 0, 0, 0, 0, 0, 0, 0 ], [ 0, 8, 20, 1, 0, 0, 0, 2, 0, 0 ], [ 0, 5, 0, 24, 0, 1, 0, 0, 0, 1 ], [ 0, 1, 0, 0, 27, 0, 1, 0, 0, 2 ], [ 0, 2, 0, 0, 0, 28, 1, 0, 0, 0 ], [ 1, 3, 0, 0, 1, 1, 25, 0, 0, 0 ], [ 0, 3, 0, 0, 0, 0, 0, 26, 0, 2 ], [ 1, 1, 0, 1, 0, 2, 0, 2, 23, 1 ], [ 0, 0, 0, 0, 0, 0, 0, 1, 0, 30 ] ],
    "metricsOfDigits" : {
      "0" : {
        "accuracy" : 0.8279569892473119,
        "precision" : 0.5,
        "recall" : 0.484375,
        "f1" : 0.49206349206349204
      },
      "1" : {
        "accuracy" : 0.771505376344086,
        "precision" : 0.5,
        "recall" : 0.36470588235294116,
        "f1" : 0.42176870748299317
      },
      "2" : {
        "accuracy" : 0.8542857142857143,
        "precision" : 0.39215686274509803,
        "recall" : 0.5,
        "f1" : 0.4395604395604396
      },
      "3" : {
        "accuracy" : 0.840782122905028,
        "precision" : 0.43636363636363634,
        "recall" : 0.48,
        "f1" : 0.4571428571428572
      },
      "4" : {
        "accuracy" : 0.8379120879120879,
        "precision" : 0.46551724137931033,
        "recall" : 0.4909090909090909,
        "f1" : 0.47787610619469023
      },
      "5" : {
        "accuracy" : 0.8278688524590164,
        "precision" : 0.4745762711864407,
        "recall" : 0.4666666666666667,
        "f1" : 0.47058823529411764
      },
      "6" : {
        "accuracy" : 0.8388888888888889,
        "precision" : 0.44642857142857145,
        "recall" : 0.4807692307692308,
        "f1" : 0.46296296296296297
      },
      "7" : {
        "accuracy" : 0.8287292817679558,
        "precision" : 0.45614035087719296,
        "recall" : 0.45614035087719296,
        "f1" : 0.45614035087719296
      },
      "8" : {
        "accuracy" : 0.848314606741573,
        "precision" : 0.42592592592592593,
        "recall" : 0.5,
        "f1" : 0.46
      },
      "9" : {
        "accuracy" : 0.8189189189189189,
        "precision" : 0.4918032786885246,
        "recall" : 0.45454545454545453,
        "f1" : 0.47244094488188976
      }
    }
  }
}