{
  "k" : 30,
  "benchmarkResults" : {
    "type" : "VANILLA_KNN",
    "confusionMatrix" : [ [ 31, 0, 0, 0, 0, 0, 0, 0, 0, 0 ], [ 0, 31, 0, 0, 0, 0, 0, 0, 0, 0 ], [ 0, 6, 23, 0, 0, 0, 0, 2, 0, 0 ], [ 0, 3, 0, 28, 0, 0, 0, 0, 0, 0 ], [ 0, 1, 0, 0, 28, 0, 0, 0, 0, 2 ], [ 0, 1, 0, 0, 0, 30, 0, 0, 0, 0 ], [ 1, 0, 0, 0, 1, 1, 28, 0, 0, 0 ], [ 0, 3, 0, 0, 0, 0, 0, 27, 0, 1 ], [ 1, 1, 0, 0, 0, 2, 0, 2, 24, 1 ], [ 0, 0, 0, 0, 1, 0, 0, 1, 0, 29 ] ],
    "metricsOfDigits" : {
      "0" : {
        "accuracy" : 0.8279569892473119,
        "precision" : 0.5,
        "recall" : 0.484375,
        "f1" : 0.49206349206349204
      },
      "1" : {
        "accuracy" : 0.793010752688172,
        "precision" : 0.5,
        "recall" : 0.4025974025974026,
        "f1" : 0.4460431654676259
      },
      "2" : {
        "accuracy" : 0.848314606741573,
        "precision" : 0.42592592592592593,
        "recall" : 0.5,
        "f1" : 0.46
      },
      "3" : {
        "accuracy" : 0.8387978142076503,
        "precision" : 0.4745762711864407,
        "recall" : 0.5,
        "f1" : 0.4869565217391304
      },
      "4" : {
        "accuracy" : 0.8333333333333334,
        "precision" : 0.4745762711864407,
        "recall" : 0.4827586206896552,
        "f1" : 0.47863247863247865
      },
      "5" : {
        "accuracy" : 0.827027027027027,
        "precision" : 0.4918032786885246,
        "recall" : 0.47619047619047616,
        "f1" : 0.48387096774193544
      },
      "6" : {
        "accuracy" : 0.8387978142076503,
        "precision" : 0.4745762711864407,
        "recall" : 0.5,
        "f1" : 0.4869565217391304
      },
      "7" : {
        "accuracy" : 0.8269230769230769,
        "precision" : 0.46551724137931033,
        "recall" : 0.4576271186440678,
        "f1" : 0.4615384615384615
      },
      "8" : {
        "accuracy" : 0.8463687150837989,
        "precision" : 0.43636363636363634,
        "recall" : 0.5,
        "f1" : 0.46601941747572817
      },
      "9" : {
        "accuracy" : 0.8260869565217391,
        "precision" : 0.48333333333333334,
        "recall" : 0.46774193548387094,
        "f1" : 0.4754098360655738
      }
    }
  }
}