{
  "k" : 270,
  "benchmarkResults" : {
    "type" : "VANILLA_KNN",
    "confusionMatrix" : [ [ 31, 0, 0, 0, 0, 0, 0, 0, 0, 0 ], [ 0, 31, 0, 0, 0, 0, 0, 0, 0, 0 ], [ 0, 9, 18, 1, 0, 0, 1, 2, 0, 0 ], [ 0, 9, 0, 20, 0, 1, 0, 0, 0, 1 ], [ 0, 1, 0, 0, 27, 0, 1, 0, 0, 2 ], [ 0, 5, 0, 0, 0, 25, 1, 0, 0, 0 ], [ 1, 5, 0, 0, 1, 1, 23, 0, 0, 0 ], [ 0, 4, 0, 0, 0, 0, 0, 26, 0, 1 ], [ 1, 5, 0, 2, 1, 1, 0, 2, 19, 0 ], [ 0, 2, 0, 0, 0, 0, 0, 1, 0, 28 ] ],
    "metricsOfDigits" : {
      "0" : {
        "accuracy" : 0.8279569892473119,
        "precision" : 0.5,
        "recall" : 0.484375,
        "f1" : 0.49206349206349204
      },
      "1" : {
        "accuracy" : 0.7258064516129032,
        "precision" : 0.5,
        "recall" : 0.30392156862745096,
        "f1" : 0.3780487804878048
      },
      "2" : {
        "accuracy" : 0.8583815028901735,
        "precision" : 0.3673469387755102,
        "recall" : 0.5,
        "f1" : 0.42352941176470593
      },
      "3" : {
        "accuracy" : 0.8457142857142858,
        "precision" : 0.39215686274509803,
        "recall" : 0.46511627906976744,
        "f1" : 0.425531914893617
      },
      "4" : {
        "accuracy" : 0.8351648351648352,
        "precision" : 0.46551724137931033,
        "recall" : 0.48214285714285715,
        "f1" : 0.4736842105263158
      },
      "5" : {
        "accuracy" : 0.8361111111111111,
        "precision" : 0.44642857142857145,
        "recall" : 0.4716981132075472,
        "f1" : 0.45871559633027525
      },
      "6" : {
        "accuracy" : 0.8398876404494382,
        "precision" : 0.42592592592592593,
        "recall" : 0.46938775510204084,
        "f1" : 0.4466019417475729
      },
      "7" : {
        "accuracy" : 0.8287292817679558,
        "precision" : 0.45614035087719296,
        "recall" : 0.45614035087719296,
        "f1" : 0.45614035087719296
      },
      "8" : {
        "accuracy" : 0.8563218390804598,
        "precision" : 0.38,
        "recall" : 0.5,
        "f1" : 0.4318181818181818
      },
      "9" : {
        "accuracy" : 0.8278688524590164,
        "precision" : 0.4745762711864407,
        "recall" : 0.4666666666666667,
        "f1" : 0.47058823529411764
      }
    }
  }
}