{
  "k" : 350,
  "benchmarkResults" : {
    "type" : "VANILLA_KNN",
    "confusionMatrix" : [ [ 31, 0, 0, 0, 0, 0, 0, 0, 0, 0 ], [ 0, 31, 0, 0, 0, 0, 0, 0, 0, 0 ], [ 0, 10, 17, 1, 0, 0, 1, 2, 0, 0 ], [ 0, 10, 0, 19, 0, 1, 0, 0, 0, 1 ], [ 0, 1, 0, 0, 25, 0, 1, 0, 0, 4 ], [ 0, 6, 0, 1, 0, 23, 1, 0, 0, 0 ], [ 1, 5, 0, 0, 1, 1, 23, 0, 0, 0 ], [ 0, 4, 0, 0, 0, 0, 0, 26, 0, 1 ], [ 1, 6, 0, 2, 1, 0, 0, 2, 19, 0 ], [ 0, 3, 0, 0, 1, 0, 0, 0, 0, 27 ] ],
    "metricsOfDigits" : {
      "0" : {
        "accuracy" : 0.8279569892473119,
        "precision" : 0.5,
        "recall" : 0.484375,
        "f1" : 0.49206349206349204
      },
      "1" : {
        "accuracy" : 0.7123655913978495,
        "precision" : 0.5,
        "recall" : 0.2897196261682243,
        "f1" : 0.3668639053254438
      },
      "2" : {
        "accuracy" : 0.8604651162790697,
        "precision" : 0.3541666666666667,
        "recall" : 0.5,
        "f1" : 0.4146341463414634
      },
      "3" : {
        "accuracy" : 0.8448275862068966,
        "precision" : 0.38,
        "recall" : 0.4523809523809524,
        "f1" : 0.41304347826086957
      },
      "4" : {
        "accuracy" : 0.8361111111111111,
        "precision" : 0.44642857142857145,
        "recall" : 0.4716981132075472,
        "f1" : 0.45871559633027525
      },
      "5" : {
        "accuracy" : 0.8426966292134831,
        "precision" : 0.42592592592592593,
        "recall" : 0.4791666666666667,
        "f1" : 0.4509803921568628
      },
      "6" : {
        "accuracy" : 0.8398876404494382,
        "precision" : 0.42592592592592593,
        "recall" : 0.46938775510204084,
        "f1" : 0.4466019417475729
      },
      "7" : {
        "accuracy" : 0.8314917127071824,
        "precision" : 0.45614035087719296,
        "recall" : 0.4642857142857143,
        "f1" : 0.46017699115044247
      },
      "8" : {
        "accuracy" : 0.8563218390804598,
        "precision" : 0.38,
        "recall" : 0.5,
        "f1" : 0.4318181818181818
      },
      "9" : {
        "accuracy" : 0.8241758241758241,
        "precision" : 0.46551724137931033,
        "recall" : 0.45,
        "f1" : 0.4576271186440678
      }
    }
  }
}