{
  "k" : 170,
  "benchmarkResults" : {
    "type" : "VANILLA_KNN",
    "confusionMatrix" : [ [ 31, 0, 0, 0, 0, 0, 0, 0, 0, 0 ], [ 0, 31, 0, 0, 0, 0, 0, 0, 0, 0 ], [ 0, 9, 18, 1, 0, 0, 1, 2, 0, 0 ], [ 0, 6, 0, 23, 0, 1, 0, 0, 0, 1 ], [ 0, 1, 0, 0, 27, 0, 1, 0, 0, 2 ], [ 0, 2, 0, 0, 0, 27, 1, 0, 0, 1 ], [ 1, 5, 0, 0, 0, 1, 24, 0, 0, 0 ], [ 0, 3, 0, 0, 0, 0, 0, 26, 0, 2 ], [ 1, 1, 0, 1, 0, 2, 0, 2, 23, 1 ], [ 0, 0, 0, 0, 0, 0, 0, 1, 0, 30 ] ],
    "metricsOfDigits" : {
      "0" : {
        "accuracy" : 0.8279569892473119,
        "precision" : 0.5,
        "recall" : 0.484375,
        "f1" : 0.49206349206349204
      },
      "1" : {
        "accuracy" : 0.760752688172043,
        "precision" : 0.5,
        "recall" : 0.34831460674157305,
        "f1" : 0.41059602649006627
      },
      "2" : {
        "accuracy" : 0.8583815028901735,
        "precision" : 0.3673469387755102,
        "recall" : 0.5,
        "f1" : 0.42352941176470593
      },
      "3" : {
        "accuracy" : 0.8426966292134831,
        "precision" : 0.42592592592592593,
        "recall" : 0.4791666666666667,
        "f1" : 0.4509803921568628
      },
      "4" : {
        "accuracy" : 0.8406593406593407,
        "precision" : 0.46551724137931033,
        "recall" : 0.5,
        "f1" : 0.48214285714285715
      },
      "5" : {
        "accuracy" : 0.8296703296703297,
        "precision" : 0.46551724137931033,
        "recall" : 0.46551724137931033,
        "f1" : 0.46551724137931033
      },
      "6" : {
        "accuracy" : 0.8379888268156425,
        "precision" : 0.43636363636363634,
        "recall" : 0.47058823529411764,
        "f1" : 0.45283018867924524
      },
      "7" : {
        "accuracy" : 0.8287292817679558,
        "precision" : 0.45614035087719296,
        "recall" : 0.45614035087719296,
        "f1" : 0.45614035087719296
      },
      "8" : {
        "accuracy" : 0.848314606741573,
        "precision" : 0.42592592592592593,
        "recall" : 0.5,
        "f1" : 0.46
      },
      "9" : {
        "accuracy" : 0.8162162162162162,
        "precision" : 0.4918032786885246,
        "recall" : 0.44776119402985076,
        "f1" : 0.46875
      }
    }
  }
}