{
  "k" : 370,
  "benchmarkResults" : {
    "type" : "VANILLA_KNN",
    "confusionMatrix" : [ [ 31, 0, 0, 0, 0, 0, 0, 0, 0, 0 ], [ 0, 31, 0, 0, 0, 0, 0, 0, 0, 0 ], [ 0, 10, 16, 2, 0, 0, 1, 2, 0, 0 ], [ 0, 10, 0, 19, 0, 1, 0, 0, 0, 1 ], [ 0, 1, 0, 0, 25, 0, 1, 0, 0, 4 ], [ 0, 6, 0, 1, 0, 23, 1, 0, 0, 0 ], [ 1, 5, 0, 0, 1, 1, 23, 0, 0, 0 ], [ 0, 4, 0, 0, 0, 0, 0, 26, 0, 1 ], [ 1, 6, 0, 2, 1, 0, 0, 1, 19, 1 ], [ 0, 3, 0, 0, 0, 0, 0, 0, 0, 28 ] ],
    "metricsOfDigits" : {
      "0" : {
        "accuracy" : 0.8279569892473119,
        "precision" : 0.5,
        "recall" : 0.484375,
        "f1" : 0.49206349206349204
      },
      "1" : {
        "accuracy" : 0.7123655913978495,
        "precision" : 0.5,
        "recall" : 0.2897196261682243,
        "f1" : 0.3668639053254438
      },
      "2" : {
        "accuracy" : 0.8625730994152047,
        "precision" : 0.3404255319148936,
        "recall" : 0.5,
        "f1" : 0.4050632911392405
      },
      "3" : {
        "accuracy" : 0.8419540229885057,
        "precision" : 0.38,
        "recall" : 0.4418604651162791,
        "f1" : 0.40860215053763443
      },
      "4" : {
        "accuracy" : 0.8388888888888889,
        "precision" : 0.44642857142857145,
        "recall" : 0.4807692307692308,
        "f1" : 0.46296296296296297
      },
      "5" : {
        "accuracy" : 0.8426966292134831,
        "precision" : 0.42592592592592593,
        "recall" : 0.4791666666666667,
        "f1" : 0.4509803921568628
      },
      "6" : {
        "accuracy" : 0.8398876404494382,
        "precision" : 0.42592592592592593,
        "recall" : 0.46938775510204084,
        "f1" : 0.4466019417475729
      },
      "7" : {
        "accuracy" : 0.8342541436464088,
        "precision" : 0.45614035087719296,
        "recall" : 0.4727272727272727,
        "f1" : 0.46428571428571425
      },
      "8" : {
        "accuracy" : 0.8563218390804598,
        "precision" : 0.38,
        "recall" : 0.5,
        "f1" : 0.4318181818181818
      },
      "9" : {
        "accuracy" : 0.819672131147541,
        "precision" : 0.4745762711864407,
        "recall" : 0.4444444444444444,
        "f1" : 0.4590163934426229
      }
    }
  }
}