{
  "k" : 10,
  "benchmarkResults" : {
    "type" : "VANILLA_KNN",
    "confusionMatrix" : [ [ 30, 0, 0, 0, 0, 1, 0, 0, 0, 0 ], [ 0, 31, 0, 0, 0, 0, 0, 0, 0, 0 ], [ 0, 5, 24, 0, 0, 0, 0, 2, 0, 0 ], [ 0, 1, 0, 29, 0, 0, 1, 0, 0, 0 ], [ 0, 0, 0, 0, 30, 0, 0, 0, 0, 1 ], [ 0, 0, 0, 0, 0, 31, 0, 0, 0, 0 ], [ 0, 0, 0, 0, 1, 0, 30, 0, 0, 0 ], [ 0, 2, 0, 0, 0, 0, 0, 28, 0, 1 ], [ 1, 1, 0, 0, 0, 2, 0, 2, 24, 1 ], [ 0, 0, 0, 0, 1, 0, 0, 0, 1, 29 ] ],
    "metricsOfDigits" : {
      "0" : {
        "accuracy" : 0.8324324324324325,
        "precision" : 0.4918032786885246,
        "recall" : 0.4918032786885246,
        "f1" : 0.4918032786885246
      },
      "1" : {
        "accuracy" : 0.8091397849462365,
        "precision" : 0.5,
        "recall" : 0.43661971830985913,
        "f1" : 0.46616541353383456
      },
      "2" : {
        "accuracy" : 0.8463687150837989,
        "precision" : 0.43636363636363634,
        "recall" : 0.5,
        "f1" : 0.46601941747572817
      },
      "3" : {
        "accuracy" : 0.8369565217391305,
        "precision" : 0.48333333333333334,
        "recall" : 0.5,
        "f1" : 0.4915254237288135
      },
      "4" : {
        "accuracy" : 0.8297297297297297,
        "precision" : 0.4918032786885246,
        "recall" : 0.4838709677419355,
        "f1" : 0.4878048780487805
      },
      "5" : {
        "accuracy" : 0.8252688172043011,
        "precision" : 0.5,
        "recall" : 0.47692307692307695,
        "f1" : 0.4881889763779527
      },
      "6" : {
        "accuracy" : 0.8324324324324325,
        "precision" : 0.4918032786885246,
        "recall" : 0.4918032786885246,
        "f1" : 0.4918032786885246
      },
      "7" : {
        "accuracy" : 0.8278688524590164,
        "precision" : 0.4745762711864407,
        "recall" : 0.4666666666666667,
        "f1" : 0.47058823529411764
      },
      "8" : {
        "accuracy" : 0.8435754189944135,
        "precision" : 0.43636363636363634,
        "recall" : 0.4897959183673469,
        "f1" : 0.4615384615384615
      },
      "9" : {
        "accuracy" : 0.8288043478260869,
        "precision" : 0.48333333333333334,
        "recall" : 0.47540983606557374,
        "f1" : 0.4793388429752066
      }
    }
  }
}