{
  "k" : 200,
  "benchmarkResults" : {
    "type" : "VANILLA_KNN",
    "confusionMatrix" : [ [ 31, 0, 0, 0, 0, 0, 0, 0, 0, 0 ], [ 0, 31, 0, 0, 0, 0, 0, 0, 0, 0 ], [ 0, 9, 18, 1, 0, 0, 1, 2, 0, 0 ], [ 0, 7, 0, 22, 0, 1, 0, 0, 0, 1 ], [ 0, 1, 0, 0, 27, 0, 1, 0, 0, 2 ], [ 0, 2, 0, 0, 0, 27, 1, 0, 0, 1 ], [ 1, 5, 0, 0, 0, 1, 24, 0, 0, 0 ], [ 0, 4, 0, 0, 0, 0, 0, 25, 0, 2 ], [ 2, 3, 0, 2, 0, 0, 0, 2, 21, 1 ], [ 0, 2, 0, 0, 0, 0, 0, 1, 0, 28 ] ],
    "metricsOfDigits" : {
      "0" : {
        "accuracy" : 0.8252688172043011,
        "precision" : 0.5,
        "recall" : 0.47692307692307695,
        "f1" : 0.4881889763779527
      },
      "1" : {
        "accuracy" : 0.7446236559139785,
        "precision" : 0.5,
        "recall" : 0.3263157894736842,
        "f1" : 0.39490445859872614
      },
      "2" : {
        "accuracy" : 0.8583815028901735,
        "precision" : 0.3673469387755102,
        "recall" : 0.5,
        "f1" : 0.42352941176470593
      },
      "3" : {
        "accuracy" : 0.8418079096045198,
        "precision" : 0.41509433962264153,
        "recall" : 0.46808510638297873,
        "f1" : 0.44
      },
      "4" : {
        "accuracy" : 0.8406593406593407,
        "precision" : 0.46551724137931033,
        "recall" : 0.5,
        "f1" : 0.48214285714285715
      },
      "5" : {
        "accuracy" : 0.8351648351648352,
        "precision" : 0.46551724137931033,
        "recall" : 0.48214285714285715,
        "f1" : 0.4736842105263158
      },
      "6" : {
        "accuracy" : 0.8379888268156425,
        "precision" : 0.43636363636363634,
        "recall" : 0.47058823529411764,
        "f1" : 0.45283018867924524
      },
      "7" : {
        "accuracy" : 0.8305555555555556,
        "precision" : 0.44642857142857145,
        "recall" : 0.45454545454545453,
        "f1" : 0.45045045045045046
      },
      "8" : {
        "accuracy" : 0.8522727272727273,
        "precision" : 0.40384615384615385,
        "recall" : 0.5,
        "f1" : 0.44680851063829785
      },
      "9" : {
        "accuracy" : 0.819672131147541,
        "precision" : 0.4745762711864407,
        "recall" : 0.4444444444444444,
        "f1" : 0.4590163934426229
      }
    }
  }
}