{
  "k" : 250,
  "benchmarkResults" : {
    "type" : "VANILLA_KNN",
    "confusionMatrix" : [ [ 31, 0, 0, 0, 0, 0, 0, 0, 0, 0 ], [ 0, 31, 0, 0, 0, 0, 0, 0, 0, 0 ], [ 0, 9, 18, 1, 0, 0, 1, 2, 0, 0 ], [ 0, 8, 0, 21, 0, 1, 0, 0, 0, 1 ], [ 0, 1, 0, 0, 27, 0, 1, 0, 0, 2 ], [ 0, 4, 0, 0, 0, 25, 1, 0, 0, 1 ], [ 1, 5, 0, 0, 0, 1, 24, 0, 0, 0 ], [ 0, 4, 0, 0, 0, 0, 0, 26, 0, 1 ], [ 1, 5, 0, 2, 0, 1, 0, 2, 19, 1 ], [ 0, 2, 0, 0, 0, 0, 0, 1, 0, 28 ] ],
    "metricsOfDigits" : {
      "0" : {
        "accuracy" : 0.8279569892473119,
        "precision" : 0.5,
        "recall" : 0.484375,
        "f1" : 0.49206349206349204
      },
      "1" : {
        "accuracy" : 0.7311827956989247,
        "precision" : 0.5,
        "recall" : 0.31,
        "f1" : 0.38271604938271603
      },
      "2" : {
        "accuracy" : 0.8583815028901735,
        "precision" : 0.3673469387755102,
        "recall" : 0.5,
        "f1" : 0.42352941176470593
      },
      "3" : {
        "accuracy" : 0.84375,
        "precision" : 0.40384615384615385,
        "recall" : 0.4666666666666667,
        "f1" : 0.43298969072164945
      },
      "4" : {
        "accuracy" : 0.8406593406593407,
        "precision" : 0.46551724137931033,
        "recall" : 0.5,
        "f1" : 0.48214285714285715
      },
      "5" : {
        "accuracy" : 0.8361111111111111,
        "precision" : 0.44642857142857145,
        "recall" : 0.4716981132075472,
        "f1" : 0.45871559633027525
      },
      "6" : {
        "accuracy" : 0.8379888268156425,
        "precision" : 0.43636363636363634,
        "recall" : 0.47058823529411764,
        "f1" : 0.45283018867924524
      },
      "7" : {
        "accuracy" : 0.8287292817679558,
        "precision" : 0.45614035087719296,
        "recall" : 0.45614035087719296,
        "f1" : 0.45614035087719296
      },
      "8" : {
        "accuracy" : 0.8563218390804598,
        "precision" : 0.38,
        "recall" : 0.5,
        "f1" : 0.4318181818181818
      },
      "9" : {
        "accuracy" : 0.8224043715846995,
        "precision" : 0.4745762711864407,
        "recall" : 0.45161290322580644,
        "f1" : 0.4628099173553719
      }
    }
  }
}