{
  "k" : 400,
  "benchmarkResults" : {
    "type" : "VANILLA_KNN",
    "confusionMatrix" : [ [ 31, 0, 0, 0, 0, 0, 0, 0, 0, 0 ], [ 0, 31, 0, 0, 0, 0, 0, 0, 0, 0 ], [ 0, 10, 16, 2, 0, 0, 1, 2, 0, 0 ], [ 0, 11, 0, 18, 0, 1, 0, 0, 0, 1 ], [ 0, 2, 0, 0, 24, 0, 1, 0, 0, 4 ], [ 0, 7, 0, 1, 0, 21, 1, 1, 0, 0 ], [ 1, 5, 0, 0, 1, 1, 23, 0, 0, 0 ], [ 0, 4, 0, 0, 0, 0, 0, 26, 0, 1 ], [ 1, 6, 0, 2, 1, 0, 0, 1, 19, 1 ], [ 0, 4, 0, 0, 0, 0, 0, 0, 0, 27 ] ],
    "metricsOfDigits" : {
      "0" : {
        "accuracy" : 0.8279569892473119,
        "precision" : 0.5,
        "recall" : 0.484375,
        "f1" : 0.49206349206349204
      },
      "1" : {
        "accuracy" : 0.7016129032258065,
        "precision" : 0.5,
        "recall" : 0.27927927927927926,
        "f1" : 0.35838150289017334
      },
      "2" : {
        "accuracy" : 0.8625730994152047,
        "precision" : 0.3404255319148936,
        "recall" : 0.5,
        "f1" : 0.4050632911392405
      },
      "3" : {
        "accuracy" : 0.8439306358381503,
        "precision" : 0.3673469387755102,
        "recall" : 0.43902439024390244,
        "f1" : 0.4
      },
      "4" : {
        "accuracy" : 0.840782122905028,
        "precision" : 0.43636363636363634,
        "recall" : 0.48,
        "f1" : 0.4571428571428572
      },
      "5" : {
        "accuracy" : 0.8465909090909091,
        "precision" : 0.40384615384615385,
        "recall" : 0.4772727272727273,
        "f1" : 0.4375
      },
      "6" : {
        "accuracy" : 0.8398876404494382,
        "precision" : 0.42592592592592593,
        "recall" : 0.46938775510204084,
        "f1" : 0.4466019417475729
      },
      "7" : {
        "accuracy" : 0.8314917127071824,
        "precision" : 0.45614035087719296,
        "recall" : 0.4642857142857143,
        "f1" : 0.46017699115044247
      },
      "8" : {
        "accuracy" : 0.8563218390804598,
        "precision" : 0.38,
        "recall" : 0.5,
        "f1" : 0.4318181818181818
      },
      "9" : {
        "accuracy" : 0.8214285714285714,
        "precision" : 0.46551724137931033,
        "recall" : 0.4426229508196721,
        "f1" : 0.45378151260504196
      }
    }
  }
}