{
  "k" : 300,
  "benchmarkResults" : {
    "type" : "VANILLA_KNN",
    "confusionMatrix" : [ [ 31, 0, 0, 0, 0, 0, 0, 0, 0, 0 ], [ 0, 31, 0, 0, 0, 0, 0, 0, 0, 0 ], [ 0, 10, 17, 1, 0, 0, 1, 2, 0, 0 ], [ 0, 9, 0, 20, 0, 1, 0, 0, 0, 1 ], [ 0, 2, 0, 0, 24, 0, 1, 0, 0, 4 ], [ 0, 6, 0, 0, 0, 24, 1, 0, 0, 0 ], [ 1, 5, 0, 0, 1, 1, 23, 0, 0, 0 ], [ 0, 4, 0, 0, 0, 0, 0, 26, 0, 1 ], [ 1, 6, 0, 2, 1, 0, 0, 2, 19, 0 ], [ 0, 2, 0, 0, 0, 0, 0, 1, 0, 28 ] ],
    "metricsOfDigits" : {
      "0" : {
        "accuracy" : 0.8279569892473119,
        "precision" : 0.5,
        "recall" : 0.484375,
        "f1" : 0.49206349206349204
      },
      "1" : {
        "accuracy" : 0.7150537634408602,
        "precision" : 0.5,
        "recall" : 0.29245283018867924,
        "f1" : 0.369047619047619
      },
      "2" : {
        "accuracy" : 0.8604651162790697,
        "precision" : 0.3541666666666667,
        "recall" : 0.5,
        "f1" : 0.4146341463414634
      },
      "3" : {
        "accuracy" : 0.8457142857142858,
        "precision" : 0.39215686274509803,
        "recall" : 0.46511627906976744,
        "f1" : 0.425531914893617
      },
      "4" : {
        "accuracy" : 0.840782122905028,
        "precision" : 0.43636363636363634,
        "recall" : 0.48,
        "f1" : 0.4571428571428572
      },
      "5" : {
        "accuracy" : 0.840782122905028,
        "precision" : 0.43636363636363634,
        "recall" : 0.48,
        "f1" : 0.4571428571428572
      },
      "6" : {
        "accuracy" : 0.8398876404494382,
        "precision" : 0.42592592592592593,
        "recall" : 0.46938775510204084,
        "f1" : 0.4466019417475729
      },
      "7" : {
        "accuracy" : 0.8287292817679558,
        "precision" : 0.45614035087719296,
        "recall" : 0.45614035087719296,
        "f1" : 0.45614035087719296
      },
      "8" : {
        "accuracy" : 0.8563218390804598,
        "precision" : 0.38,
        "recall" : 0.5,
        "f1" : 0.4318181818181818
      },
      "9" : {
        "accuracy" : 0.8224043715846995,
        "precision" : 0.4745762711864407,
        "recall" : 0.45161290322580644,
        "f1" : 0.4628099173553719
      }
    }
  }
}