{
  "k" : 220,
  "benchmarkResults" : {
    "type" : "VANILLA_KNN",
    "confusionMatrix" : [ [ 111, 1, 0, 0, 0, 1, 6, 1, 0, 1 ], [ 0, 121, 0, 0, 0, 0, 0, 0, 0, 0 ], [ 3, 45, 58, 1, 2, 1, 1, 6, 4, 0 ], [ 0, 19, 0, 92, 0, 1, 0, 6, 1, 2 ], [ 0, 6, 0, 0, 93, 1, 3, 1, 0, 17 ], [ 4, 9, 0, 5, 3, 83, 5, 4, 0, 8 ], [ 1, 8, 0, 0, 4, 1, 107, 0, 0, 0 ], [ 0, 21, 0, 0, 0, 0, 0, 96, 0, 4 ], [ 1, 25, 2, 11, 2, 2, 2, 2, 66, 8 ], [ 2, 4, 0, 2, 1, 0, 0, 2, 0, 110 ] ],
    "metricsOfDigits" : {
      "0" : {
        "accuracy" : 0.8303072625698324,
        "precision" : 0.47844827586206895,
        "recall" : 0.47639484978540775,
        "f1" : 0.4774193548387097
      },
      "1" : {
        "accuracy" : 0.7382920110192838,
        "precision" : 0.5,
        "recall" : 0.31842105263157894,
        "f1" : 0.3890675241157556
      },
      "2" : {
        "accuracy" : 0.8634992458521871,
        "precision" : 0.3240223463687151,
        "recall" : 0.4915254237288136,
        "f1" : 0.39057239057239057
      },
      "3" : {
        "accuracy" : 0.8335724533715926,
        "precision" : 0.431924882629108,
        "recall" : 0.45320197044334976,
        "f1" : 0.44230769230769235
      },
      "4" : {
        "accuracy" : 0.83810888252149,
        "precision" : 0.43457943925233644,
        "recall" : 0.4696969696969697,
        "f1" : 0.4514563106796116
      },
      "5" : {
        "accuracy" : 0.846656976744186,
        "precision" : 0.4068627450980392,
        "recall" : 0.4797687861271676,
        "f1" : 0.4403183023872678
      },
      "6" : {
        "accuracy" : 0.8279494382022472,
        "precision" : 0.4692982456140351,
        "recall" : 0.46320346320346323,
        "f1" : 0.46623093681917216
      },
      "7" : {
        "accuracy" : 0.8295292439372325,
        "precision" : 0.4423963133640553,
        "recall" : 0.4485981308411215,
        "f1" : 0.44547563805104406
      },
      "8" : {
        "accuracy" : 0.856929955290611,
        "precision" : 0.35294117647058826,
        "recall" : 0.48175182481751827,
        "f1" : 0.40740740740740744
      },
      "9" : {
        "accuracy" : 0.8104895104895105,
        "precision" : 0.47619047619047616,
        "recall" : 0.4230769230769231,
        "f1" : 0.4480651731160896
      }
    }
  }
}