{
  "k" : 320,
  "benchmarkResults" : {
    "type" : "VANILLA_KNN",
    "confusionMatrix" : [ [ 109, 1, 0, 0, 0, 2, 7, 1, 0, 1 ], [ 0, 121, 0, 0, 0, 0, 0, 0, 0, 0 ], [ 3, 47, 55, 1, 2, 1, 1, 7, 4, 0 ], [ 0, 21, 0, 89, 0, 1, 0, 6, 1, 3 ], [ 0, 7, 0, 0, 89, 0, 4, 1, 0, 20 ], [ 4, 13, 0, 7, 3, 74, 7, 5, 0, 8 ], [ 3, 14, 0, 0, 4, 1, 99, 0, 0, 0 ], [ 0, 23, 0, 0, 0, 0, 0, 93, 1, 4 ], [ 1, 28, 2, 10, 2, 2, 3, 2, 62, 9 ], [ 1, 6, 0, 3, 1, 0, 0, 3, 0, 107 ] ],
    "metricsOfDigits" : {
      "0" : {
        "accuracy" : 0.8305322128851541,
        "precision" : 0.47391304347826085,
        "recall" : 0.47391304347826085,
        "f1" : 0.47391304347826085
      },
      "1" : {
        "accuracy" : 0.7231404958677686,
        "precision" : 0.5,
        "recall" : 0.3009950248756219,
        "f1" : 0.37577639751552794
      },
      "2" : {
        "accuracy" : 0.8651515151515151,
        "precision" : 0.3125,
        "recall" : 0.49107142857142855,
        "f1" : 0.3819444444444444
      },
      "3" : {
        "accuracy" : 0.8335734870317003,
        "precision" : 0.4238095238095238,
        "recall" : 0.4472361809045226,
        "f1" : 0.4352078239608802
      },
      "4" : {
        "accuracy" : 0.840057636887608,
        "precision" : 0.4238095238095238,
        "recall" : 0.46842105263157896,
        "f1" : 0.44500000000000006
      },
      "5" : {
        "accuracy" : 0.8512518409425626,
        "precision" : 0.37948717948717947,
        "recall" : 0.4774193548387097,
        "f1" : 0.4228571428571429
      },
      "6" : {
        "accuracy" : 0.828125,
        "precision" : 0.45,
        "recall" : 0.45,
        "f1" : 0.45
      },
      "7" : {
        "accuracy" : 0.8287965616045845,
        "precision" : 0.43457943925233644,
        "recall" : 0.44075829383886256,
        "f1" : 0.4376470588235294
      },
      "8" : {
        "accuracy" : 0.8583208395802099,
        "precision" : 0.33879781420765026,
        "recall" : 0.47692307692307695,
        "f1" : 0.39616613418530355
      },
      "9" : {
        "accuracy" : 0.8082865168539326,
        "precision" : 0.4692982456140351,
        "recall" : 0.41312741312741313,
        "f1" : 0.4394250513347022
      }
    }
  }
}