{
  "k" : 370,
  "benchmarkResults" : {
    "type" : "VANILLA_KNN",
    "confusionMatrix" : [ [ 106, 2, 0, 0, 0, 2, 9, 1, 0, 1 ], [ 0, 121, 0, 0, 0, 0, 0, 0, 0, 0 ], [ 3, 51, 51, 1, 1, 1, 2, 7, 4, 0 ], [ 0, 27, 0, 83, 0, 1, 0, 6, 1, 3 ], [ 0, 7, 0, 0, 89, 1, 4, 1, 0, 19 ], [ 4, 14, 0, 9, 3, 70, 7, 5, 0, 9 ], [ 3, 15, 0, 0, 4, 1, 98, 0, 0, 0 ], [ 0, 25, 0, 0, 0, 0, 0, 93, 1, 2 ], [ 1, 30, 1, 10, 2, 2, 3, 2, 59, 11 ], [ 1, 6, 0, 3, 1, 0, 0, 4, 0, 106 ] ],
    "metricsOfDigits" : {
      "0" : {
        "accuracy" : 0.8319268635724332,
        "precision" : 0.4669603524229075,
        "recall" : 0.4732142857142857,
        "f1" : 0.4700665188470067
      },
      "1" : {
        "accuracy" : 0.7114325068870524,
        "precision" : 0.5,
        "recall" : 0.28878281622911695,
        "f1" : 0.3661119515885023
      },
      "2" : {
        "accuracy" : 0.868140243902439,
        "precision" : 0.29651162790697677,
        "recall" : 0.49514563106796117,
        "f1" : 0.3709090909090909
      },
      "3" : {
        "accuracy" : 0.8350290697674418,
        "precision" : 0.4068627450980392,
        "recall" : 0.43915343915343913,
        "f1" : 0.4223918575063613
      },
      "4" : {
        "accuracy" : 0.840778097982709,
        "precision" : 0.4238095238095238,
        "recall" : 0.4708994708994709,
        "f1" : 0.44611528822055135
      },
      "5" : {
        "accuracy" : 0.8525925925925926,
        "precision" : 0.36649214659685864,
        "recall" : 0.47297297297297297,
        "f1" : 0.41297935103244837
      },
      "6" : {
        "accuracy" : 0.8264580369843528,
        "precision" : 0.4474885844748858,
        "recall" : 0.4434389140271493,
        "f1" : 0.44545454545454544
      },
      "7" : {
        "accuracy" : 0.828080229226361,
        "precision" : 0.43457943925233644,
        "recall" : 0.4386792452830189,
        "f1" : 0.43661971830985913
      },
      "8" : {
        "accuracy" : 0.8599397590361446,
        "precision" : 0.3277777777777778,
        "recall" : 0.47580645161290325,
        "f1" : 0.3881578947368421
      },
      "9" : {
        "accuracy" : 0.8087201125175809,
        "precision" : 0.4669603524229075,
        "recall" : 0.41245136186770426,
        "f1" : 0.4380165289256198
      }
    }
  }
}