{
  "k" : 300,
  "benchmarkResults" : {
    "type" : "VANILLA_KNN",
    "confusionMatrix" : [ [ 109, 1, 0, 0, 0, 2, 7, 1, 0, 1 ], [ 0, 121, 0, 0, 0, 0, 0, 0, 0, 0 ], [ 3, 47, 56, 1, 2, 1, 1, 6, 4, 0 ], [ 0, 21, 0, 89, 0, 1, 0, 6, 1, 3 ], [ 0, 7, 0, 0, 91, 0, 4, 1, 0, 18 ], [ 4, 11, 0, 5, 3, 79, 7, 5, 0, 7 ], [ 1, 14, 0, 0, 4, 1, 101, 0, 0, 0 ], [ 0, 21, 0, 0, 0, 0, 0, 95, 1, 4 ], [ 1, 28, 1, 10, 2, 2, 3, 2, 63, 9 ], [ 1, 6, 0, 3, 1, 0, 0, 4, 0, 106 ] ],
    "metricsOfDigits" : {
      "0" : {
        "accuracy" : 0.8319327731092437,
        "precision" : 0.47391304347826085,
        "recall" : 0.4780701754385965,
        "f1" : 0.4759825327510917
      },
      "1" : {
        "accuracy" : 0.7258953168044077,
        "precision" : 0.5,
        "recall" : 0.30402010050251255,
        "f1" : 0.378125
      },
      "2" : {
        "accuracy" : 0.8653555219364599,
        "precision" : 0.3163841807909605,
        "recall" : 0.49557522123893805,
        "f1" : 0.38620689655172413
      },
      "3" : {
        "accuracy" : 0.8350144092219021,
        "precision" : 0.4238095238095238,
        "recall" : 0.4517766497461929,
        "f1" : 0.43734643734643736
      },
      "4" : {
        "accuracy" : 0.8390804597701149,
        "precision" : 0.42924528301886794,
        "recall" : 0.4690721649484536,
        "f1" : 0.4482758620689655
      },
      "5" : {
        "accuracy" : 0.8486842105263158,
        "precision" : 0.395,
        "recall" : 0.47878787878787876,
        "f1" : 0.4328767123287671
      },
      "6" : {
        "accuracy" : 0.8271954674220963,
        "precision" : 0.45495495495495497,
        "recall" : 0.45089285714285715,
        "f1" : 0.452914798206278
      },
      "7" : {
        "accuracy" : 0.8278571428571428,
        "precision" : 0.4398148148148148,
        "recall" : 0.4418604651162791,
        "f1" : 0.4408352668213458
      },
      "8" : {
        "accuracy" : 0.8577844311377245,
        "precision" : 0.3423913043478261,
        "recall" : 0.4772727272727273,
        "f1" : 0.39873417721518983
      },
      "9" : {
        "accuracy" : 0.8108298171589311,
        "precision" : 0.4669603524229075,
        "recall" : 0.41732283464566927,
        "f1" : 0.4407484407484408
      }
    }
  }
}