{
  "k" : 400,
  "benchmarkResults" : {
    "type" : "VANILLA_KNN",
    "confusionMatrix" : [ [ 106, 2, 0, 0, 0, 2, 9, 1, 0, 1 ], [ 0, 121, 0, 0, 0, 0, 0, 0, 0, 0 ], [ 3, 53, 50, 1, 1, 1, 2, 6, 4, 0 ], [ 0, 28, 0, 83, 0, 1, 0, 6, 1, 2 ], [ 0, 7, 0, 0, 88, 1, 4, 1, 0, 20 ], [ 4, 15, 0, 7, 3, 71, 7, 5, 0, 9 ], [ 3, 16, 0, 0, 4, 1, 97, 0, 0, 0 ], [ 0, 25, 0, 0, 0, 0, 0, 93, 1, 2 ], [ 1, 30, 1, 11, 2, 1, 3, 2, 59, 11 ], [ 1, 6, 0, 3, 1, 0, 0, 4, 0, 106 ] ],
    "metricsOfDigits" : {
      "0" : {
        "accuracy" : 0.8319268635724332,
        "precision" : 0.4669603524229075,
        "recall" : 0.4732142857142857,
        "f1" : 0.4700665188470067
      },
      "1" : {
        "accuracy" : 0.7079889807162535,
        "precision" : 0.5,
        "recall" : 0.28537735849056606,
        "f1" : 0.36336336336336333
      },
      "2" : {
        "accuracy" : 0.8687022900763359,
        "precision" : 0.29239766081871343,
        "recall" : 0.49504950495049505,
        "f1" : 0.3676470588235294
      },
      "3" : {
        "accuracy" : 0.8357558139534884,
        "precision" : 0.4068627450980392,
        "recall" : 0.44148936170212766,
        "f1" : 0.423469387755102
      },
      "4" : {
        "accuracy" : 0.8412698412698413,
        "precision" : 0.42105263157894735,
        "recall" : 0.47058823529411764,
        "f1" : 0.4444444444444444
      },
      "5" : {
        "accuracy" : 0.852810650887574,
        "precision" : 0.3697916666666667,
        "recall" : 0.47651006711409394,
        "f1" : 0.4164222873900294
      },
      "6" : {
        "accuracy" : 0.8269230769230769,
        "precision" : 0.44495412844036697,
        "recall" : 0.4429223744292237,
        "f1" : 0.44393592677345534
      },
      "7" : {
        "accuracy" : 0.8287965616045845,
        "precision" : 0.43457943925233644,
        "recall" : 0.44075829383886256,
        "f1" : 0.4376470588235294
      },
      "8" : {
        "accuracy" : 0.8599397590361446,
        "precision" : 0.3277777777777778,
        "recall" : 0.47580645161290325,
        "f1" : 0.3881578947368421
      },
      "9" : {
        "accuracy" : 0.8087201125175809,
        "precision" : 0.4669603524229075,
        "recall" : 0.41245136186770426,
        "f1" : 0.4380165289256198
      }
    }
  }
}