{
  "k" : 50,
  "benchmarkResults" : {
    "type" : "VANILLA_KNN",
    "confusionMatrix" : [ [ 118, 0, 0, 0, 0, 0, 3, 0, 0, 0 ], [ 0, 121, 0, 0, 0, 0, 0, 0, 0, 0 ], [ 3, 22, 80, 0, 1, 1, 3, 7, 4, 0 ], [ 0, 5, 1, 102, 0, 2, 2, 6, 1, 2 ], [ 0, 3, 0, 0, 103, 0, 3, 0, 0, 12 ], [ 3, 4, 0, 4, 3, 97, 4, 2, 0, 4 ], [ 1, 1, 0, 0, 2, 2, 115, 0, 0, 0 ], [ 0, 14, 0, 0, 0, 0, 0, 104, 0, 3 ], [ 2, 7, 1, 5, 3, 4, 1, 1, 90, 7 ], [ 2, 2, 0, 2, 1, 0, 0, 2, 0, 112 ] ],
    "metricsOfDigits" : {
      "0" : {
        "accuracy" : 0.8271092669432918,
        "precision" : 0.49372384937238495,
        "recall" : 0.4777327935222672,
        "f1" : 0.48559670781893005
      },
      "1" : {
        "accuracy" : 0.7933884297520661,
        "precision" : 0.5,
        "recall" : 0.4033333333333333,
        "f1" : 0.44649446494464945
      },
      "2" : {
        "accuracy" : 0.8518248175182481,
        "precision" : 0.39800995024875624,
        "recall" : 0.49382716049382713,
        "f1" : 0.44077134986225897
      },
      "3" : {
        "accuracy" : 0.8345120226308345,
        "precision" : 0.45739910313901344,
        "recall" : 0.4744186046511628,
        "f1" : 0.4657534246575343
      },
      "4" : {
        "accuracy" : 0.8347457627118644,
        "precision" : 0.45982142857142855,
        "recall" : 0.47685185185185186,
        "f1" : 0.46818181818181814
      },
      "5" : {
        "accuracy" : 0.8383190883190883,
        "precision" : 0.44495412844036697,
        "recall" : 0.47783251231527096,
        "f1" : 0.4608076009501188
      },
      "6" : {
        "accuracy" : 0.825,
        "precision" : 0.4872881355932203,
        "recall" : 0.46747967479674796,
        "f1" : 0.4771784232365145
      },
      "7" : {
        "accuracy" : 0.8286318758815233,
        "precision" : 0.4622222222222222,
        "recall" : 0.46017699115044247,
        "f1" : 0.4611973392461197
      },
      "8" : {
        "accuracy" : 0.8446043165467626,
        "precision" : 0.4265402843601896,
        "recall" : 0.4864864864864865,
        "f1" : 0.4545454545454546
      },
      "9" : {
        "accuracy" : 0.8179916317991632,
        "precision" : 0.48068669527896996,
        "recall" : 0.4444444444444444,
        "f1" : 0.4618556701030928
      }
    }
  }
}