{
  "k" : 100,
  "benchmarkResults" : {
    "type" : "VANILLA_KNN",
    "confusionMatrix" : [ [ 114, 1, 0, 0, 0, 1, 5, 0, 0, 0 ], [ 0, 121, 0, 0, 0, 0, 0, 0, 0, 0 ], [ 3, 32, 73, 0, 1, 1, 2, 5, 4, 0 ], [ 0, 8, 0, 100, 0, 2, 2, 7, 1, 1 ], [ 0, 3, 0, 0, 99, 0, 3, 1, 0, 15 ], [ 3, 5, 0, 5, 3, 93, 5, 3, 0, 4 ], [ 1, 2, 0, 0, 3, 1, 114, 0, 0, 0 ], [ 0, 17, 0, 0, 0, 0, 0, 100, 0, 4 ], [ 2, 13, 1, 7, 3, 4, 2, 2, 81, 6 ], [ 2, 3, 0, 2, 1, 0, 0, 2, 0, 111 ] ],
    "metricsOfDigits" : {
      "0" : {
        "accuracy" : 0.8289290681502086,
        "precision" : 0.4851063829787234,
        "recall" : 0.4769874476987448,
        "f1" : 0.48101265822784806
      },
      "1" : {
        "accuracy" : 0.7754820936639119,
        "precision" : 0.5,
        "recall" : 0.37116564417177916,
        "f1" : 0.426056338028169
      },
      "2" : {
        "accuracy" : 0.8561946902654868,
        "precision" : 0.37628865979381443,
        "recall" : 0.4965986394557823,
        "f1" : 0.4281524926686217
      },
      "3" : {
        "accuracy" : 0.8333333333333334,
        "precision" : 0.45248868778280543,
        "recall" : 0.4672897196261682,
        "f1" : 0.45977011494252873
      },
      "4" : {
        "accuracy" : 0.8359375,
        "precision" : 0.45,
        "recall" : 0.47368421052631576,
        "f1" : 0.46153846153846156
      },
      "5" : {
        "accuracy" : 0.8402578796561605,
        "precision" : 0.43457943925233644,
        "recall" : 0.47692307692307695,
        "f1" : 0.4547677261613692
      },
      "6" : {
        "accuracy" : 0.8233657858136301,
        "precision" : 0.4851063829787234,
        "recall" : 0.46153846153846156,
        "f1" : 0.47302904564315357
      },
      "7" : {
        "accuracy" : 0.8290780141843972,
        "precision" : 0.45248868778280543,
        "recall" : 0.45454545454545453,
        "f1" : 0.4535147392290249
      },
      "8" : {
        "accuracy" : 0.8491253644314869,
        "precision" : 0.400990099009901,
        "recall" : 0.48502994011976047,
        "f1" : 0.43902439024390244
      },
      "9" : {
        "accuracy" : 0.8170391061452514,
        "precision" : 0.47844827586206895,
        "recall" : 0.44047619047619047,
        "f1" : 0.45867768595041325
      }
    }
  }
}