{
  "k" : 350,
  "benchmarkResults" : {
    "type" : "VANILLA_KNN",
    "confusionMatrix" : [ [ 106, 2, 0, 0, 0, 2, 9, 1, 0, 1 ], [ 0, 121, 0, 0, 0, 0, 0, 0, 0, 0 ], [ 3, 48, 54, 1, 1, 1, 2, 7, 4, 0 ], [ 0, 23, 0, 87, 0, 1, 0, 6, 1, 3 ], [ 0, 7, 0, 0, 88, 1, 4, 1, 0, 20 ], [ 4, 14, 0, 7, 3, 74, 6, 5, 0, 8 ], [ 3, 15, 0, 0, 4, 1, 98, 0, 0, 0 ], [ 0, 23, 0, 0, 0, 0, 0, 93, 1, 4 ], [ 1, 30, 1, 10, 2, 2, 3, 2, 60, 10 ], [ 1, 6, 0, 3, 1, 0, 0, 4, 0, 106 ] ],
    "metricsOfDigits" : {
      "0" : {
        "accuracy" : 0.8319268635724332,
        "precision" : 0.4669603524229075,
        "recall" : 0.4732142857142857,
        "f1" : 0.4700665188470067
      },
      "1" : {
        "accuracy" : 0.7176308539944903,
        "precision" : 0.5,
        "recall" : 0.2951219512195122,
        "f1" : 0.3711656441717791
      },
      "2" : {
        "accuracy" : 0.866464339908953,
        "precision" : 0.30857142857142855,
        "recall" : 0.4954128440366973,
        "f1" : 0.380281690140845
      },
      "3" : {
        "accuracy" : 0.8345375722543352,
        "precision" : 0.4182692307692308,
        "recall" : 0.4461538461538462,
        "f1" : 0.4317617866004963
      },
      "4" : {
        "accuracy" : 0.8412698412698413,
        "precision" : 0.42105263157894735,
        "recall" : 0.47058823529411764,
        "f1" : 0.4444444444444444
      },
      "5" : {
        "accuracy" : 0.8505154639175257,
        "precision" : 0.37948717948717947,
        "recall" : 0.47435897435897434,
        "f1" : 0.4216524216524216
      },
      "6" : {
        "accuracy" : 0.8271692745376956,
        "precision" : 0.4474885844748858,
        "recall" : 0.44545454545454544,
        "f1" : 0.44646924829157175
      },
      "7" : {
        "accuracy" : 0.828080229226361,
        "precision" : 0.43457943925233644,
        "recall" : 0.4386792452830189,
        "f1" : 0.43661971830985913
      },
      "8" : {
        "accuracy" : 0.8593984962406015,
        "precision" : 0.3314917127071823,
        "recall" : 0.47619047619047616,
        "f1" : 0.39087947882736157
      },
      "9" : {
        "accuracy" : 0.8080168776371308,
        "precision" : 0.4669603524229075,
        "recall" : 0.4108527131782946,
        "f1" : 0.4371134020618557
      }
    }
  }
}