{
  "k" : 150,
  "benchmarkResults" : {
    "type" : "VANILLA_KNN",
    "confusionMatrix" : [ [ 113, 1, 0, 0, 0, 1, 5, 1, 0, 0 ], [ 0, 121, 0, 0, 0, 0, 0, 0, 0, 0 ], [ 3, 42, 61, 1, 2, 1, 1, 6, 4, 0 ], [ 0, 15, 0, 96, 0, 1, 0, 6, 1, 2 ], [ 0, 5, 0, 0, 98, 0, 3, 1, 0, 14 ], [ 3, 6, 0, 4, 3, 90, 5, 4, 0, 6 ], [ 1, 6, 0, 0, 3, 1, 110, 0, 0, 0 ], [ 0, 19, 0, 0, 0, 0, 0, 98, 0, 4 ], [ 1, 17, 1, 10, 3, 3, 2, 2, 75, 7 ], [ 2, 3, 0, 2, 1, 0, 0, 2, 0, 111 ] ],
    "metricsOfDigits" : {
      "0" : {
        "accuracy" : 0.83008356545961,
        "precision" : 0.4829059829059829,
        "recall" : 0.4788135593220339,
        "f1" : 0.4808510638297872
      },
      "1" : {
        "accuracy" : 0.7548209366391184,
        "precision" : 0.5,
        "recall" : 0.3398876404494382,
        "f1" : 0.40468227424749165
      },
      "2" : {
        "accuracy" : 0.8626126126126126,
        "precision" : 0.33516483516483514,
        "recall" : 0.4959349593495935,
        "f1" : 0.39999999999999997
      },
      "3" : {
        "accuracy" : 0.833095577746077,
        "precision" : 0.4423963133640553,
        "recall" : 0.45933014354066987,
        "f1" : 0.4507042253521127
      },
      "4" : {
        "accuracy" : 0.8357041251778093,
        "precision" : 0.4474885844748858,
        "recall" : 0.47115384615384615,
        "f1" : 0.4590163934426229
      },
      "5" : {
        "accuracy" : 0.8431654676258993,
        "precision" : 0.4265402843601896,
        "recall" : 0.48128342245989303,
        "f1" : 0.45226130653266333
      },
      "6" : {
        "accuracy" : 0.8272727272727273,
        "precision" : 0.47619047619047616,
        "recall" : 0.4661016949152542,
        "f1" : 0.47109207708779444
      },
      "7" : {
        "accuracy" : 0.8285917496443812,
        "precision" : 0.4474885844748858,
        "recall" : 0.44954128440366975,
        "f1" : 0.4485125858123569
      },
      "8" : {
        "accuracy" : 0.8522058823529411,
        "precision" : 0.3826530612244898,
        "recall" : 0.4838709677419355,
        "f1" : 0.42735042735042733
      },
      "9" : {
        "accuracy" : 0.8149441340782123,
        "precision" : 0.47844827586206895,
        "recall" : 0.43529411764705883,
        "f1" : 0.45585215605749485
      }
    }
  }
}